{
    "additionalFeatures": 
        "Exceptional moisture management for high-level breathability, Impeccable distance shoe for extreme/moderate underpronators & Refined cushioning and support",
    "android": {
        "os": "Android 2.2", 
        "ui": "Dell Stage"
    }, 
    "availability": [
        "Asics"
        ], 
    "battery": {
        "standbyTime": "Normal Training", 
        "talkTime": "Road", 
        "type": "Vietnam"
    }, 
    "connectivity": {
        "bluetooth": "Synthetic", 
        "cell": "B00KO9GLQ4", 
        "gps": "rubber", 
        "infrared": false, 
        "wifi": "GEL-Nimbus 17-M"
    }, 
    "description": "Ready to go the distance? Find the combination of cushioning and stability to keep you on your feet mile after mile in the GEL-Nimbus 16 from Asics. The flagship cushioning shoe in the ASICS collection, the GEL-NIMBUS provides exceptional comfort and cushioning for neutral and underpronating runners. Also adding to the shoes great comfort are the full-length SpEVA lasting and the innovative FluidRide midsole construction which provide the ultimate plush ride. The Trusstic System included in the men’s edition offers a bit more torsional rigidity foradded support. The Full Length Guidance Line, a groove along the sole, guides your foot through the gait cycle and helps you run more efficiently, even when fatigue sets in. With its high-tech cushioned ride the GEL-NIMBUS 16 is your ideal partner on long runs.", 
    "display": {
        "screenResolution": "WVGA (800 x 480)", 
        "screenSize": "4.1 inches", 
        "touchScreen": true
    }, 
    "hardware": {
        "accelerometer": true, 
        "audioJack": "3.5mm", 
        "cpu": "1 Ghz processor", 
        "fmRadio": false, 
        "physicalKeyboard": false, 
        "usb": "USB 2.0"
    }, 
    "id": "asics-gel-nimbus-17", 
    "images": [
        "images/kit/brooks-glycerin-13.0.jpg", 
        "images/kit/brooks-glycerin-13.1.jpg", 
        "images/kit/brooks-glycerin-13.2.jpg", 
        "images/kit/brooks-glycerin-13.3.jpg", 
        "images/kit/brooks-glycerin-13.4.jpg"
    ], 
    "name": "Mens Brooks Glycerin 13 - Mens", 
    "sizeAndWeight": {
        "dimensions": [
            "64.0 mm (w)", 
            "121.0 mm (h)", 
            "12.9 mm (d)"
        ], 
        "weight": "164.0 grams"
    }, 
    "storage": {
        "flash": "Neutral Pronation", 
        "ram": "14 x 9 x 5 inches"
    }
}
