[
        {
        "age": 0, 
        "brand": "Asics", 
        "id": "asics-gel-nimbus-17", 
        "imageUrl": "images/kit/asics-gel-nimbus-17.0.jpg", 
        "name": "Asics Gel-Nimbus 17 - Men", 
        "snippet": "The flagship cushioning shoe in the ASICS collection, the GEL-NIMBUS 17 provides exceptional comfort and cushioning for neutral and underpronating runners."
    }, 
    {
        "age": 1, 
        "brand": "Saucony", 
        "id": "Saucony-Triumph-ISO-2", 
        "imageUrl": "images/kit/Saucony-Triumph-ISO-2.0.jpg", 
        "name": "Saucony Triumph ISO 2 - Mens", 
        "snippet": "Shake up your world with the dynamic cushioning and response of the Saucony® Triumph ISO 2 running shoe! Built for the neutral runner looking for maximum cushioning."
    }, 
        {
        "age": 2, 
        "brand": "Nike", 
        "id": "Nike-Air-Zoom-Odyssey", 
        "imageUrl": "images/kit/Nike-Air-Zoom-Odyssey.0.jpg", 
        "name": "Nike Men's Air Zoom Odyssey", 
        "snippet": "With a locked-down fit and stability features throughout the midsole, the Nike Air Zoom Odyssey will have you running faster, farther, and longer. "
    },  
        {
        "age": 3, 
        "brand": "Brooks", 
        "id": "Brooks-Ghost-8", 
        "imageUrl": "images/kit/Brooks-Ghost-8.0.jpg", 
        "name": "Brooks Ghost 8 - Mens", 
        "snippet": "Shake up your world with the dynamic cushioning and response of the Saucony® Triumph ISO 2 running shoe! Built for the neutral runner looking for maximum cushioning."
    }, 
        {
        "age": 4, 
        "brand": "New Balance", 
        "id": "New-Balance-1500v2", 
        "imageUrl": "images/kit/New-Balance-1500v2.0.jpg", 
        "name": "New Balance 1500v2 - Mens", 
        "snippet": "Proof that fast can be supportive; the men’s New Balance 1500v2 is built with TBeam technology and a dual density post. Add in responsive REVlite cushioning for comfort and the men’s 1500v2 racing shoe is ready to take you from 10k all the way to the 26.2. Awarded Editor’s Choice by Runner’s World editors in the U.S. and around the globe."
    },  
    {
        "age": 5, 
        "brand": "Brooks", 
        "id": "brooks-glycerin-13", 
        "imageUrl": "images/kit/brooks-glycerin-13.0.jpg", 
        "name": "Mens Brooks Glycerin 13 - Mens", 
        "snippet": "Brooks Glycerin 13 Men’s Neutral Running Shoes delivers a soft ride for runners of all speeds"
    },  
    {
        "age": 6, 
        "brand": "ASICS-GEL-Nimbus-18", 
        "id": "Ascis", 
        "imageUrl": "images/kit/ASICS-GEL-Nimbus-18.0.jpg", 
        "name": "ASICS GEL Nimbus 18 - Womens", 
        "snippet": "Perfect for a neutral runner, this update to the ASICS classic Nimbus has a gel midsole to better help cushion your ride. Bonus: It has a quick-dry sock liner."
    }, 
    {
        "age": 7, 
        "brand": "Brooks-Adrenaline-GTS-16", 
        "id": "Brooks", 
        "imageUrl": "images/kit/Brooks-Adrenaline-GTS-16.0.jpg", 
        "name": "Brooks Adrenaline GTS 16 - Womens", 
        "snippet": "With an all-new conformable saddle and adjustable eyelets that pull from the heel for a more secure fit than ever before, the 16th version of the Adrenaline GTS is ready to support your running goals."
    }, 
    {
        "age": 8, 
        "brand": "New-Balance-Vazee-Pace", 
        "id": "New Balance", 
        "imageUrl": "images/kit/New-Balance-Vazee-Pace.0.jpg", 
        "name": "New Balance Vazee Pace - Womens", 
        "snippet": " Everything about the Vazee Pace is geared towards a fast, responsive ride - with noticeably more toe spring as you push off the ground and blaze. Set a record. Break it. Repeat. Get ready to reach all new speeds in Vazee Pace. Engineered for the relentless pursuit of faster, this lightweight, award-winning running shoe delivers the snappy, responsive ride required for all the miles you have planned for it."
    }, 
    {
        "age": 9, 
        "brand": "Adidas", 
        "id": "Adidas-Pure-Boost-X", 
        "imageUrl": "images/kit/Adidas-Pure-Boost-X.0.jpg", 
        "name": "Adidas Pure Boost X - Womens", 
        "snippet": "Adidas unveiled the women-specific PureBoost X,  with a sleek silhouette and a flying arch that wraps around your foot like a sock. This shoe is designed to fit better, feel better, and look stylish."
    }, 
    {
        "age": 10, 
        "brand": "Nike", 
        "id": "Nike-Free-3.0-Flyknit", 
        "imageUrl": "images/kit/Nike-Free-3.0-Flyknit.0.jpg", 
        "name": "Nike Free 3.0 Flyknit Men's Running Shoes", 
        "snippet": "Lighter than ever before, the Nike Free Flyknit 3.0 Running Shoe takes a model you love and throws in Flyknit material for the ultimate in breathable lightweight running performance."
    }, 
    {
        "age": 11, 
        "brand": "Nike", 
        "id": "Nike-Flyknit-Lunar-3", 
        "imageUrl": "images/kit/Nike-Flyknit-Lunar-3.0.jpg", 
        "name": "Nike Flyknit Lunar 3 - Womens", 
        "snippet": "Designed for supportive comfort, Nike Flyknit Lunar 3 offers lightweight, cushioned comfort to help keep you going.."
    }, 
    {
        "age": 12, 
        "brand": "Asics", 
        "id": "ASICS-GT-2000-4", 
        "imageUrl": "images/kit/ASICS-GT-2000-4.0.jpg", 
        "name": "ASICS Men's GT-2000 4 Running Shoe", 
        "snippet": "The gt-2000 4 is the core runner bread and butter with its balance of cushioning and stability, outfitted by the comfortably supportive dynamic duomax and guidance trusstic system that also enhance gait efficiency. The rear foot and forefoot gel cushioning systems are now even more adaptive, assisting mild to moderate over pronators alike with greater support, while the fluid ride midsole offers the ultimate ride."
    }, 
    {
        "age": 13, 
        "brand": "Asics", 
        "id": "ASICS-GEL-Kayano-21", 
        "imageUrl": "images/kit/ASICS-GEL-Kayano-21.0.jpg", 
        "name": "ASICS Women's GEL-Kayano 21", 
        "snippet": "The gel-kayano® 21 is updated with nothing but the best in ASICS technical innovation, featuring the next generation of FluidRide® and a comfordry™ x-40 sockliner for the lightest and most luxuriously stable ride yet."
    }, 
    {
        "age": 14, 
        "brand": "Saucony", 
        "id": "Saucony-Hurricane-ISO-2", 
        "imageUrl": "images/kit/Saucony-Hurricane-ISO-2.0.jpg", 
        "name": "Saucony Women's Hurricane ISO 2 Road Running Shoe", 
        "snippet": "The T-Mobile myTouch 4G is a premium smartphone designed to deliver blazing fast 4G speeds so that you can video chat from practically anywhere, with or without Wi-Fi."
    }, 
    {
        "age": 15, 
        "brand": "Nike", 
        "id": "Nike-Dri-FIT-Cool-Breeze",
        "imageUrl": "images/kit/Nike-Dri-FIT-Cool-Breeze.0.jpg",     
        "name": "Nike Dri-FIT Cool Breeze Women's Short Sleeve Top", 
        "snippet": "The Nike Women's Dri-FIT Breeze Tee is the ideal summer running top. With its airy, loose fit and sweat wicking technology it'll keep you feeling swift from the beginning to the end of your run. Stay cool in the heat with this lightweight tee from Nike."
    }, 
    {
        "age": 16, 
        "brand": "Adidas", 
        "id": "Adidas-Womens-Run-Tee", 
        "imageUrl": "images/kit/Adidas-Womens-Run-Tee.0.jpg", 
        "name": "Adidas Women's Run Short Sleeve Tee", 
        "snippet": "The adidas Women's Run Tee is lightweight and breathable with Climalite technology to draw sweat away from your skin for cool, dry comfort.  Reflective details improve visibility in low light conditions for added safety."
    }, 
    {
        "age": 17, 
        "brand": "Nike",  
        "id": "Nike-Mens-Dri-FIT-Tailwind-Tee", 
        "imageUrl": "images/kit/Nike-Mens-Dri-FIT-Tailwind-Tee.0.jpg", 
        "name": "Nike Men's Dri-FIT Touch Tailwind Tee", 
        "snippet": "The Nike Men's Dri-FIT Touch Tailwind Tee is made with ultra-light fabric for exceptional breathability during those warm-weather workouts. Bonded shoulder seams reduce chafing and provide superior durability."
    }, 
    {
        "age": 18, 
        "brand": "Brooks",  
        "id": "Brooks-Ravenna-5-Mens-Running-Shoe", 
        "imageUrl": "images/kit/Brooks-Ravenna-5-Mens-Running-Shoe.0.jpg", 
        "name": "Brooks Ravenna 5 Men's Running Shoe", 
        "snippet": "Guide your run with the targeted support level between stability and neutral in this lightweight Brooks shoe. DNA cushioning adapts to your needs whether you are running or walking, giving you a cushioning profile tailored to your needs."
    }, 
    {
        "age": 19, 
        "id": "Asics-Gel-Super-J33", 
        "imageUrl": "images/kit/Asics-Gel-Super-J33.0.jpg", 
        "name": "Asics Gel Super J33 Women's Running Shoes", 
        "snippet": "The Asics Gel Super J33 Women's Running Shoes deliver lightweight stability in a fast ride. This stripped down trainer offers a flexible, low-profile ride and responsive cushioning while maintaining support for mild overpronation. These shoes are ideal for training, racing and anything in between."
    }
]
